-- Group 2
-- Adam Hanson, Alexis Brewers, Colton Bondhus, Ismail Abdullahi, Lily Rossman

USE [master]
GO

USE [Entertainment]
GO

-- Agents table
INSERT INTO Agents
VALUES
	('A001', 'William',	'Thompson',	'122 Spring River Drive', 	'Redmond', 	'WA',	'98053', '555-2681',		'05/10/2018', 45000, 	0.040),
	('A002', 'Scott',	'Bishop', 	'66 Spring Valley Drive', 	'Seattle', 	'WA', 	'98125', '555-2666', 		'01/31/2019', 37000, 	0.040),
	('A003', 'Carol',	'Viescas', 	'667 Red River Road', 		'Bellevue', 	'WA', 	'98006', '555-2571', 		'11/14/2018', 40000, 	0.050),
	('A004', 'Karen',	'Smith', 	'30301 - 166th Ave. N.E.', 	'Seattle', 	'WA',	'98125', '555-2551', 		'02/28/2019', 32000, 	0.055),
	('A005', 'Marianne', 	'Wier', 	'908 W. Capital Way', 		'Tacoma', 	'WA', 	'98413', '555-2606', 		'01/28/2019', 34500, 	0.045),
	('A006', 'John', 	'Kennedy', 	'16679 NE 41st Court', 		'Seattle', 	'WA', 	'98125', '555-2621', 		'05/10/2018', 43000,	0.060),
	('A007', 'Caleb', 	'Viescas', 	'4501 Wetland Road', 		'Redmond', 	'WA', 	'98052', '555-0037', 		'02/11/2019', 32100, 	0.035),
	('A008', 'Maria', 	'Patterson', 	'3445 Cheyenne Road', 		'Bellevue', 	'WA', 	'98006', '555-2291', 		'08/29/2018', 40000, 	0.040),
	('A009', 'Darryl', 	'Mars', 	'1234 Main Street',		'Kirkland', 	'WA', 	'98033', '555-1234', 		'01/30/2021', 50, 	0.010);

-- Groups_Performers table



-- Groups table
INSERT INTO Groups
VALUES
	('G001', 'Carol Peacock Trio',		'888-90-1121',	'4110 Old Redmond Rd.',		'Redmond',	'WA',	'98052', '555-2691',		'www.cptrio.com',		'carolp@cptrio.com',		'05/24/1997'),
	('G002', 'Topazz', 			'888-50-1061',	'16 Maple Lane',		'Auburn',	'WA',	'98002', '555-2591',		'www.topazz.com', 		NULL, 				'02/14/1996'),
	('G003', 'JV & the Deep Six',		'888-18-1013',	'15127 NE 24th, #383',		'Redmond',	'WA',	'98052', '555-2511',		'www.jvd6.com',			'jv@myspring.com',		'03/18/1998'),
	('G004', 'Jim Glynn',			'888-26-1025',	'13920 S.E. 40th Street',	'Bellevue',	'WA',	'98009', '555-2531',		NULL, 				NULL, 				'04/01/1996'),
	('G005', 'Jazz Persuasion',		'888-30-1031',	'233 West Valley Hwy',		'Bellevue',	'WA',	'98005', '555-2541',		'www.jazzper.com',		NULL, 				'05/12/1997'),
	('G006', 'Modern Dance',		'888-66-1085',	'Route 2, Box 203B',		'Woodinville',	'WA',	'98072', '555-2631',		'www.moderndance.com',		'mikeh@moderndance.com',	'05/16/1995'),
	('G007', 'Coldwater Cattle Company',	'888-38-1043',	'4726 - 11th Ave. N.E.',	'Seattle',	'WA',	'98105', '555-2561',		'www.coldwatercows.com',	NULL, 				'11/30/1995'),
	('G008', 'Country Feeling',		'888-98-1133',	'PO Box 223311',		'Seattle',	'WA',	'98125', '555-2711',		NULL,				NULL, 				'02/28/1996'),
	('G009', 'Katherine Ehrlich',		'888-61-1103',	'777 Fenexet Blvd',		'Woodinville',	'WA',	'98072', '555-0399',		NULL,				'ke@mzo.com',			'09/13/1998'),
	('G010', 'Saturday Revue',		'888-64-1109',	'3887 Easy Street',		'Seattle',	'WA',	'98125', '555-0039',		'www.satrevue.com',		'edz@coolness.com',		'01/20/1995'),
	('G011', 'Julia Schnebly',		'888-65-1111',	'2343 Harmony Lane',		'Seattle',	'WA',	'99837', '555-9936',		NULL,	 			NULL,				'04/12/1996'),
	('G012', 'Susan McLain',		'888-70-1121',	'511 Lenora Ave',		'Bellevue',	'WA',	'98006', '555-2301',		'www.greensleeves.com',		'susan@gs.com',			'10/12/1998'),
	('G013', 'Caroline Coie Cuartet',	'888-71-1123',	'298 Forest Lane',		'Auburn',	'WA',	'98002', '555-2306',		NULL,				'carolinec@willow.com',		'07/11/1997');



-- Musical_Styles table
INSERT INTO [Musical_Styles] ([MusicalStylesKey], [MusicalStylesName])
VALUES
	('S001',	'40''s Ballroom Music'),
	('S002',	'50''s Music'),
	('S003',	'60''s Music'),
	('S004',	'70''s Music'),
	('S005',	'80''s Music'),
	('S006',	'Country'),
	('S007',	'Classical'),
	('S008',	'Classic Rock & Roll'),
	('S009',	'Rap'),
	('S010',	'Contemporary'),
	('S011',	'Country Rock'),
	('S012',	'Elvis'),
	('S013',	'Folk'),
	('S014',	'Chamber Music'),
	('S015',	'Jazz'),
	('S016',	'Karaoke'),
	('S017',	'Motown'),
	('S018',	'Modern Rock'),
	('S019',	'Rhythm and Blues'),
	('S020',	'Show Tunes'),
	('S021',	'Standards'),
	('S022',	'Top 40 Hits'),
	('S023',	'Variety'),
	('S024',	'Salsa'),
	('S025',	'90''s Music')
;


-- Customers table

INSERT INTO Customers (CustKey, CustFirstName, CustLastName, CustAddress, CustCity, CustState, CustZip, CustPhone)
VALUES 
		('C001', 'Doris', 'Hartwig', '4726 - 11th Ave. N.E.', 'Seattle', 'WA', '98105', '555-2671'),
		('C002', 'Deb', 'Waldal', '908 W. Capital Way', 'Tacoma', 'WA', '98413', '555-2496'),
		('C003', 'Peter', 'Brehm', '722 Moss Bay Blvd.', 'Kirkland', 'WA', '98033', '555-2501'),
		('C004', 'Dean', 'McCrae', '4110 Old Redmond Rd.', 'Redmond', 'WA', '98052', '555-2506'),
		('C005', 'Elizabeth', 'Hallmark', 'Route 2, Box 203B', 'Auburn', 'WA', '98002', '555-2521'),
		('C006', 'Matt', 'Berg', '908 W. Capital Way', 'Tacoma', 'WA', '98413', '555-2581'),
		('C007', 'Liz', 'Keyser', '13920 S.E. 40th Street', 'Bellevue', 'WA', '98006', '555-2556'),
		('C008', 'Darren', 'Gehring', '2601 Seaview Lane', 'Kirkland', 'WA', '98033', '555-2616'),
		('C009', 'Sarah', 'Thompson', '2222 Springer Road', 'Bellevue', 'WA', '98006', '555-2626'),
		('C010', 'Zachary', 'Ehrlich', '12330 Kingman Drive', 'Kirkland', 'WA', '98033', '555-2721'),
		('C011', 'Joyce', 'Bonnicksen', '2424 Thames Drive', 'Bellevue', 'WA', '98006', '555-2726'),
		('C012', 'Kerry', 'Patterson', '777 Fenexet Blvd', 'Redmond', 'WA', '98052', '555-0399'),
		('C013', 'Estella', 'Pundt', '2500 Rosales Lane', 'Bellevue', 'WA', '98006', '555-9938'),
		('C014', 'Mark', 'Rosales', '323 Advocate Lane', 'Bellevue', 'WA', '98006', '555-2286'),
		('C015', 'Carol', 'Viescas', '754 Fourth Ave', 'Seattle', 'WA', '98115', '555-2296');



-- Performers table
INSERT INTO [Performers] ([PerformersKey], [PerformersFirstName], [PerformersLastName], [PerformersSuffix], [PerformersPhone], [PerformersGender])
VALUES
	('M001',	'David',		'Hamilton',			NULL,		'555-2701',		'M'),
	('M002',	'Suzanne',		'Viescas',			NULL,		'555-2686',		'F'),
	('M003',	'Gary',			'Hallmark',			NULL,		'555-2676',		'M'),
	('M004',	'Jeffrey',		'Smith',			NULL,		'555-2596',		'M'),
	('M005',	'Robert',		'Brown',			NULL,		'555-2491',		'M'),
	('M006',	'Mariya',		'Sergienko',		NULL,		'555-2526',		'F'),
	('M007',	'Sara',			'Sheskey',			NULL,		'555-2566',		'F'),
	('M008',	'Rachel',		'Patterson',		NULL,		'555-2546',		'F'),
	('M009',	'David',		'Viescas',			NULL,		'555-2661',		'M'),
	('M010',	'Manuela',		'Seidel',			NULL,		'555-2641',		'F'),
	('M011',	'Kathryn',		'Patterson',		NULL,		'555-2651',		'F'),
	('M012',	'Kendra',		'Bonnicksen',		NULL,		'555-2716',		'F'),
	('M013',	'Steve',		'Pundt',			NULL,		'555-9938',		'M'),
	('M014',	'George',		'Chavez',			NULL,		'555-9930',		'M'),
	('M015',	'Joe',			'Rosales',			'III',		'555-2281',		'M'),
	('M016',	'Angel',		'Kennedy',			NULL,		'555-2311',		'M'),
	('M017',	'Luke',			'Patterson',		NULL,		'555-2316',		'M'),
	('M018',	'Janice',		'Galvin',			NULL,		'555-2691',		'F'),
	('M019',	'John',			'Viescas',			NULL,		'555-2511',		'M'),
	('M020',	'Michael',		'Hernandez',		NULL,		'555-2711',		'M'),
	('M021',	'Katherine',	'Ehrlich',			NULL,		'555-0399',		'F'),
	('M022',	'Julia',		'Schnebly',			NULL,		'555-9936',		'F'),
	('M023',	'Susan',		'McLain',			NULL,		'555-2301',		'F'),
	('M024',	'Caroline',		'Coie',				NULL,		'555-2306',		'F'),
	('M025',	'Jim',			'Glynn',			NULL,		'555-2531',		'M')
;




-- Engagements table
INSERT INTO Engagements (EngagementKey, EngagementStartDate, EngagementEndDate, EngagementStartTime, EngagementStopTime, EngagementContractPrice, CustKey, AgentKey, GroupsKey)
VALUES 
		(2, '2022-09-01', '2022-09-05', '13:00', '15:00', 200.00, 'C006', 'A004', 'G004'),
		(3, '2022-09-10', '2022-09-15', '13:00', '15:00', 590.00, 'C001', 'A003', 'G005'),
		(4, '2022-09-11', '2022-09-17', '20:00', '00:00', 470.00, 'C007', 'A003', 'G004'),
		(5, '2022-09-11', '2022-09-14', '16:00', '19:00', 1130.00, 'C006', 'A005', 'G003'),
		(6, '2022-09-10', '2022-09-14', '15:00', '21:00', 2300.00, 'C014', 'A007', 'G008'),
		(7, '2022-09-11', '2022-09-18', '17:00', '20:00', 770.00, 'C004', 'A004', 'G002'),
		(8, '2022-09-18', '2022-09-25', '20:00', '23:00', 1850.00, 'C006', 'A003', 'G007'),
		(9, '2022-09-18', '2022-09-28', '19:00', '21:00', 1370.00, 'C010', 'A002', 'G010'),
		(10, '2022-09-17', '2022-09-26', '13:00', '17:00', 3650.00, 'C005', 'A003', 'G003'),
		(11, '2022-09-15', '2022-09-16', '18:00', '00:00', 950.00, 'C005', 'A004', 'G008'),
		(12, '2022-09-18', '2022-09-26', '18:00', '22:00', 1670.00, 'C014', 'A008', 'G001'),
		(13, '2022-09-17', '2022-09-20', '20:00', '23:00', 770.00, 'C003', 'A001', 'G006'),
		(14, '2022-09-24', '2022-09-29', '16:00', '22:00', 2750.00, 'C001', 'A001', 'G008'),
		(15, '2022-09-24', '2022-09-29', '17:00', '19:00', 770.00, 'C007', 'A001', 'G013'),
		(16, '2022-10-02', '2022-10-06', '20:00', '01:00', 1550.00, 'C010', 'A005', 'G013'),
		(17, '2022-09-29', '2022-10-02', '18:00', '20:00', 530.00, 'C002', 'A008', 'G010'),
		(19, '2022-09-29', '2022-10-05', '20:00', '23:00', 365.00, 'C009', 'A008', 'G004'),
		(21, '2022-09-30', '2022-10-03', '12:00', '16:00', 1490.00, 'C005', 'A001', 'G003'),
		(22, '2022-09-30', '2022-10-05', '12:00', '15:00', 590.00, 'C004', 'A005', 'G002'),
		(23, '2022-09-30', '2022-09-30', '20:00', '00:00', 290.00, 'C012', 'A004', 'G013'),
		(24, '2022-10-01', '2022-10-07', '12:00', '18:00', 1940.00, 'C001', 'A004', 'G001'),
		(26, '2022-10-09', '2022-10-14', '17:00', '22:00', 950.00, 'C001', 'A006', 'G002'),
		(27, '2022-10-07', '2022-10-12', '12:00', '16:00', 2210.00, 'C015', 'A007', 'G003'),
		(28, '2022-10-06', '2022-10-15', '17:00', '22:00', 3800.00, 'C003', 'A004', 'G007'),
		(30, '2022-10-06', '2022-10-08', '17:00', '22:00', 275.00, 'C009', 'A005', 'G011'),
		(31, '2022-10-07', '2022-10-16', '16:00', '20:00', 2450.00, 'C002', 'A008', 'G010'),
		(32, '2022-10-07', '2022-10-16', '13:00', '15:00', 1250.00, 'C010', 'A007', 'G013'),
		(34, '2022-10-14', '2022-10-20', '16:00', '18:00', 680.00, 'C004', 'A008', 'G005'),
		(35, '2022-10-14', '2022-10-15', '19:00', '23:00', 410.00, 'C005', 'A008', 'G001'),
		(36, '2022-10-13', '2022-10-23', '18:00', '22:00', 710.00, 'C014', 'A003', 'G011'),
		(37, '2022-10-13', '2022-10-19', '14:00', '19:00', 2675.00, 'C006', 'A003', 'G008'),
		(38, '2022-10-14', '2022-10-18', '14:00', '20:00', 1850.00, 'C013', 'A004', 'G006'),
		(41, '2022-10-20', '2022-10-28', '18:00', '21:00', 860.00, 'C013', 'A003', 'G002'),
		(42, '2022-10-20', '2022-10-26', '17:00', '22:00', 2150.00, 'C002', 'A001', 'G013'),
		(43, '2022-10-21', '2022-10-21', '14:00', '16:00', 140.00, 'C001', 'A008', 'G001'),
		(44, '2022-10-22', '2022-10-26', '14:00', '19:00', 1925.00, 'C006', 'A003', 'G008'),
		(45, '2022-10-21', '2022-10-28', '14:00', '18:00', 530.00, 'C015', 'A001', 'G012'),
		(46, '2022-10-28', '2022-11-05', '15:00', '17:00', 1400.00, 'C009', 'A004', 'G008'),
		(48, '2022-11-05', '2022-11-06', '16:00', '22:00', 950.00, 'C002', 'A001', 'G007'),
		(49, '2022-11-13', '2022-11-19', '12:00', '14:00', 680.00, 'C014', 'A005', 'G001'),
		(51, '2022-11-13', '2022-11-14', '20:00', '01:00', 650.00, 'C013', 'A003', 'G013'),
		(52, '2022-11-13', '2022-11-14', '16:00', '21:00', 650.00, 'C010', 'A003', 'G006'),
		(53, '2022-11-11', '2022-11-12', '17:00', '19:00', 350.00, 'C002', 'A005', 'G007'),
		(55, '2022-11-19', '2022-11-26', '20:00', '02:00', 770.00, 'C002', 'A003', 'G011'),
		(56, '2022-11-25', '2022-11-28', '14:00', '19:00', 1550.00, 'C010', 'A003', 'G007'),
		(58, '2022-12-01', '2022-12-04', '17:00', '23:00', 770.00, 'C001', 'A002', 'G002'),
		(59, '2022-12-01', '2022-12-04', '15:00', '19:00', 290.00, 'C004', 'A006', 'G012'),
		(60, '2022-12-02', '2022-12-04', '13:00', '17:00', 230.00, 'C010', 'A008', 'G004'),
		(61, '2022-12-03', '2022-12-10', '17:00', '20:00', 410.00, 'C015', 'A008', 'G011'),
		(62, '2022-12-09', '2022-12-10', '20:00', '01:00', 500.00, 'C003', 'A002', 'G005'),
		(63, '2022-12-18', '2022-12-21', '14:00', '16:00', 650.00, 'C009', 'A003', 'G008'),
		(64, '2022-12-25', '2023-01-03', '14:00', '16:00', 1250.00, 'C007', 'A003', 'G013'),
		(66, '2022-12-22', '2022-12-29', '20:00', '02:00', 2930.00, 'C005', 'A005', 'G006'),
		(68, '2022-12-24', '2022-12-29', '16:00', '22:00', 1670.00, 'C009', 'A001', 'G005'),
		(69, '2022-12-22', '2022-12-23', '15:00', '18:00', 500.00, 'C004', 'A007', 'G008'),
		(70, '2022-12-23', '2022-12-26', '13:00', '15:00', 410.00, 'C010', 'A006', 'G001'),
		(71, '2022-12-22', '2022-12-27', '14:00', '17:00', 1670.00, 'C002', 'A001', 'G003'),
		(72, '2022-12-22', '2023-01-01', '20:00', '01:00', 875.00, 'C012', 'A004', 'G011'),
		(73, '2022-12-29', '2023-01-07', '19:00', '22:00', 1400.00, 'C014', 'A005', 'G001'),
		(74, '2023-01-01', '2023-01-06', '13:00', '15:00', 590.00, 'C004', 'A001', 'G005'),
		(75, '2023-01-01', '2023-01-11', '17:00', '20:00', 2525.00, 'C001', 'A007', 'G007'),
		(76, '2022-12-30', '2023-01-03', '16:00', '22:00', 500.00, 'C005', 'A007', 'G012'),
		(77, '2022-12-30', '2023-01-04', '17:00', '20:00', 1670.00, 'C015', 'A005', 'G003'),
		(78, '2023-01-01', '2023-01-03', '16:00', '20:00', 770.00, 'C010', 'A004', 'G010'),
		(79, '2022-12-30', '2023-01-03', '12:00', '17:00', 1550.00, 'C006', 'A008', 'G006'),
		(80, '2022-12-31', '2023-01-01', '17:00', '21:00', 650.00, 'C002', 'A005', 'G008'),
		(81, '2023-01-01', '2023-01-09', '13:00', '17:00', 1130.00, 'C013', 'A004', 'G002'),
		(82, '2023-01-08', '2023-01-09', '20:00', '01:00', 950.00, 'C014', 'A008', 'G003'),
		(83, '2023-01-06', '2023-01-10', '13:00', '15:00', 650.00, 'C010', 'A002', 'G006'),
		(84, '2023-01-06', '2023-01-11', '17:00', '19:00', 230.00, 'C007', 'A003', 'G012'),
		(85, '2023-01-06', '2023-01-08', '14:00', '19:00', 1175.00, 'C015', 'A004', 'G008'),
		(87, '2023-01-04', '2023-01-06', '16:00', '19:00', 275.00, 'C007', 'A006', 'G008'),
		(88, '2023-01-07', '2023-01-17', '12:00', '14:00', 1370.00, 'C004', 'A008', 'G013'),
		(89, '2023-01-06', '2023-01-07', '14:00', '16:00', 290.00, 'C003', 'A008', 'G010'),
		(90, '2023-01-08', '2023-01-08', '20:00', '02:00', 320.00, 'C006', 'A005', 'G001'),
		(91, '2023-01-05', '2023-01-12', '13:00', '19:00', 770.00, 'C009', 'A003', 'G004'),
		(92, '2023-01-12', '2023-01-16', '19:00', '00:00', 1925.00, 'C012', 'A006', 'G008'),
		(95, '2023-01-15', '2023-01-18', '20:00', '01:00', 1550.00, 'C010', 'A006', 'G007'),
		(96, '2023-01-22', '2023-01-31', '15:00', '17:00', 950.00, 'C009', 'A006', 'G005'),
		(97, '2023-01-19', '2023-01-19', '17:00', '21:00', 110.00, 'C012', 'A008', 'G004'),
		(98, '2023-01-20', '2023-01-27', '20:00', '02:00', 2930.00, 'C012', 'A002', 'G010'),
		(99, '2023-01-22', '2023-02-22', '14:00', '20:00', 14105.00, 'C005', 'A006', 'G008'),
		(100, '2023-01-19', '2023-01-23', '12:00', '18:00', 1850.00, 'C015', 'A003', 'G006'),
		(101, '2023-01-22', '2023-01-30', '14:00', '18:00', 1670.00, 'C004', 'A005', 'G001'),
		(102, '2023-01-22', '2023-01-31', '12:00', '15:00', 2300.00, 'C013', 'A005', 'G007'),
		(103, '2023-01-21', '2023-01-27', '12:00', '17:00', 575.00, 'C010', 'A004', 'G011'),
		(104, '2023-01-28', '2023-02-01', '13:00', '16:00', 1400.00, 'C010', 'A006', 'G003'),
		(105, '2023-01-27', '2023-02-01', '12:00', '17:00', 1850.00, 'C002', 'A004', 'G013'),
		(106, '2023-01-29', '2023-02-01', '15:00', '18:00', 770.00, 'C003', 'A006', 'G006'),
		(107, '2023-01-29', '2023-01-30', '16:00', '21:00', 200.00, 'C007', 'A004', 'G004'),
		(108, '2023-02-02', '2023-02-04', '18:00', '00:00', 320.00, 'C004', 'A005', 'G012'),
		(109, '2023-02-11', '2023-02-15', '13:00', '19:00', 1850.00, 'C014', 'A005', 'G010'),
		(110, '2023-02-11', '2023-02-19', '15:00', '19:00', 1670.00, 'C006', 'A008', 'G001'),
		(111, '2023-02-12', '2023-02-14', '15:00', '18:00', 185.00, 'C012', 'A001', 'G004'),
		(112, '2023-02-19', '2023-02-24', '18:00', '22:00', 410.00, 'C015', 'A007', 'G011'),
		(114, '2023-02-19', '2023-02-28', '12:00', '17:00', 1550.00, 'C005', 'A001', 'G002'),
		(115, '2023-02-19', '2023-02-22', '12:00', '18:00', 1490.00, 'C007', 'A005', 'G013'),
		(116, '2023-02-16', '2023-02-25', '14:00', '19:00', 800.00, 'C003', 'A006', 'G012'),
		(118, '2023-02-18', '2023-02-18', '19:00', '00:00', 350.00, 'C014', 'A001', 'G010'),
		(119, '2023-02-19', '2023-02-28', '18:00', '21:00', 500.00, 'C012', 'A002', 'G004'),
		(120, '2023-02-17', '2023-02-20', '20:00', '23:00', 950.00, 'C002', 'A007', 'G008'),
		(121, '2023-02-16', '2023-02-22', '17:00', '23:00', 2570.00, 'C004', 'A003', 'G006'),
		(122, '2023-02-24', '2023-02-27', '15:00', '19:00', 1010.00, 'C014', 'A005', 'G010'),
		(123, '2023-02-25', '2023-02-28', '16:00', '20:00', 770.00, 'C013', 'A001', 'G001'),
		(124, '2023-02-23', '2023-03-02', '14:00', '17:00', 1850.00, 'C006', 'A001', 'G008'),
		(125, '2023-02-23', '2023-02-28', '13:00', '15:00', 1130.00, 'C001', 'A003', 'G003'),
		(126, '2023-02-24', '2023-03-03', '18:00', '20:00', 1010.00, 'C009', 'A006', 'G006'),
		(127, '2023-02-24', '2023-02-28', '20:00', '22:00', 500.00, 'C010', 'A004', 'G005'),
		(128, '2023-02-26', '2023-02-28', '19:00', '01:00', 320.00, 'C003', 'A004', 'G011'),
		(129, '2023-02-24', '2023-03-05', '17:00', '21:00', 2450.00, 'C004', 'A005', 'G013'),
		(131, '2023-03-03', '2023-03-12', '15:00', '17:00', 1850.00, 'C014', 'A001', 'G003');




-- Groups_Styles table 



-- Musical_Preferences table

